,title,0,af,als,az,bar,br,bs,ca,cbk-zam,co,cs,cy,da,de,diq,eml,en,eo,es,et,eu,fi,fr,fy,ga,gl,hr,ht,hu,ia,id,ie,ig,io,is,it,jam,la,lb,lfn,lmo,lt,lv,ms,nap,nb,nl,nn,nov,pl,pt,ro,ru,sc,scn,sh,simple,sk,sl,sq,sv,tl,tr,uz,war,Total,mean
0,100 colpi di spazzola prima di andare a dormire,,,,,,,,,,,,,,9.0,,,,,,,,,,,,,,,,,,,,,,17.0,,,,,,,,,,,,,,,,,,,,,,,,,,,,,,26.0,16.25
1,1934 (romanzo),1.0,,,,,,,,,,,,,,,,7.0,,,,,,,,,,,,,,,,,,,24.0,,,,,,,,,,,,,,,,,,,,,,,,,,,,,,32.0,14.933333333333334
2,54 (romanzo),1.0,,,,,,,,,,,,,,,,19.0,,4.0,,,,,,,,,,,,,,,,,34.0,,,,,,,,,,,,,,,,,,,,,,,,,,,,,,58.0,21.75
3,9 agosto 378. Il giorno dei barbari,1.0,,,,,,,,,,,,,,,,4.0,,,,,,,,,,,,,,,,,,,2.0,,,,,,,,,,,,,,,,,,,,,,,,,,,,,,7.0,3.2666666666666666
4,Accabadora,1.0,,,,,,,,,,,,,,,,,,,,,,,,,4.0,,,,,,,,,,11.0,,,,,,,,,,,,,,,,,,,,,,,,,,,,,,16.0,7.466666666666667
5,Acciaio (romanzo),1.0,,,,,,,,,,,,,,,,,,,,,,,,,,,,,,,,,,,15.0,,,,,,,,,,,,,,,,,,,,,,,,,,,,,,16.0,10.0
6,Ad occhi chiusi,1.0,,,,,,,,,,,,,,,,,,,,,,,,,,,,,,,,,,,5.0,,,,,,,,,,,,,,,,,,,,,,,,,,,,,,6.0,3.75
7,Ad ora incerta,1.0,,,,,,,,,,,,,,,,22.0,,,,,,,,,,,,,,,,,,,27.0,,,,,,,,,,,,,,,,,,,,,,,,,,,,,,50.0,23.333333333333336
8,Almost Blue (romanzo),1.0,,,,,,,,,,,,,,,,,,,,,,8.0,,,,,,,,,,,,,8.0,,,,,,,,,,,,,,,,,,,,,,,,,,,,,,17.0,7.933333333333333
9,Altri libertini,1.0,,,,,,,,,,,,,12.0,,,6.0,,,,,,6.0,,,,,,,,,,,,,28.0,,,,,,,,,,,,,,,,,,,,,,,,,,,,,,53.0,16.657142857142855
10,Aracoeli,1.0,,,,,,,,,,,,,,,,,,,,,,,,,,,,,,,,,,,6.0,,,,,,,,,,,,,,,,,,,,,,,,,,,,,,7.0,4.375
11,Assandira,1.0,,,,,,,4.0,,,,,1.0,1.0,,,8.0,,3.0,,,,4.0,,,,,,,,,,,,,10.0,,,,,,,,,,,,,,,1.0,,,2.0,,,,,,,,,,,,35.0,6.125
12,Baol,1.0,,,,,,,,,,,,,,,,,,,,,,,,,,,,,,,,,,,28.0,,,,,,,,,,,,,,,,,,,,,,,,,,,,,,29.0,18.125
13,Baudolino,1.0,,,,,,,,,,10.0,,,53.0,,,85.0,,23.0,,,,34.0,,,,7.0,,6.0,,11.0,,,,,79.0,,,,,,,,,,5.0,11.0,,,15.0,9.0,4.0,,,,,,10.0,,,2.0,,6.0,,,371.0,38.13055555555555
14,"Bianca come il latte, rossa come il sangue",1.0,,,,,,,,,,,,,,,,,,,,,,6.0,,,,,,,,,,,,,21.0,,,,,,,,,,,,,,,,,,,,,,,,,,,,,,28.0,13.066666666666666
15,Canale Mussolini,1.0,,,,,,,,,,,,,,,,,,,,,,,,,,,,,,,,,,,25.0,,,,,,,,,,,1.0,,,,,,,,,,,,,,,,,,,27.0,12.6
16,Caos calmo (Romanzo),1.0,,,,,,,,,,,,,,,,,,,,,,,,,,,,,,,,,,,35.0,,,,,,,,,,,,,,,,,,,,,,,,,,,,,,36.0,22.5
17,Carta bianca (Lucarelli),1.0,,,,,,,,,,,,,,,,6.0,,,,,,,,,,,,,,,,,,,6.0,,,,,,,,,,,,,,,,,,,,,,,,,,,,,,13.0,6.066666666666666
18,Castelli di rabbia,1.0,,,,,,,,,,,,,,,,,,,,,,,,,,,,,,,,,,,37.0,,,,,,,,,,,,,,,,,,,,,,,,,,,,,,38.0,23.75
19,Cave canem (romanzo),1.0,,,,,,,,,,,,,,,,,,2.0,,,,,,,,,,,,,,,,,22.0,,,,,,,,,,,,,,,,,,,,,,,,,,,,,,25.0,11.666666666666668
20,Chuang Tse e il primo imperatore,1.0,,,,,,,,,,,,,,,,6.0,,,,,,,,,,,,,,,,,,,4.0,,,,,,,,,,,,,,,,,,,,,,,,,,,,,,11.0,5.133333333333334
21,City (romanzo),1.0,,,,,,,,,,,,,,,,,,,,,,8.0,,,,,,,,,,,,,9.0,,,,,,,,,,,,,,,,,,,,,,,,,,,,,,18.0,8.4
22,Come Dio comanda,1.0,,,,,,,,,,,,,,,,,,,,,,,,,,,,,,,,,,,4.0,,,,,,,,,,,,,,,,,,,,,,,,,,,,,,5.0,3.125
23,Cuore di pietra,1.0,,,,,,,,,,,,,,,,,,,,,,,,,,,,,,,,,,,5.0,,,,,,,,,,,,,,,,,,,,,,,,,,,,,,6.0,3.75
24,Danubio (romanzo),1.0,,,,,,,,,,,,,,,,7.0,,,,,,,,,,,,,,,,,,,10.0,,,,,,,,,,,,,,,,,,,,,,,,,,,,,,18.0,8.4
25,Della Ragion di Stato,1.0,,,,,,,,,,,,,,,,24.0,,,,,,,,,,,,,,,,,,,7.0,,,,,,,,,,,,,,,,,,,,,,,,,,,,,,32.0,14.933333333333334
26,E duro campo di battaglia il letto,1.0,,,,,,,,,,,,,,,,,,,,,,2.0,,,,,,,,,,,,,1.0,,,,,,,,,,,,,,,,,,,,,,,,,,,,,,4.0,1.8666666666666667
27,Educazione siberiana,1.0,,,,,,,,,,,,,,,,,,,,,,,,,,,,,,,,,,,2.0,,,,,,,,,,,,,,,,,,,,,,,,,,,,,,3.0,1.875
28,Fai bei sogni,1.0,,,,,,,,,,,,,,,,,,,,,,,,,,,,,,,,,,,22.0,,,,,,,,,,,,,,,,,,,,,,,,,,,,,,23.0,14.375
29,Francesca e Nunziata,1.0,,,,,,,,,,,,,,,,,,,,,,,,,,,,,,,,,,,5.0,,,,,,,,,3.0,,,,,,,,,,,,,,,,,,,,,9.0,4.2
30,Garibaldi a Gettysburg,1.0,,,,,,,,,,,,,,,,,,,,,,,,,,,,,,,,,,,10.0,,,,,,,,,,,,,,,,,,,,,,,,,,,,,,11.0,6.875
31,Gli arancini di Montalbano,1.0,,,,,,,,,,,,,,,,,,,,,,,,,,,,,,,,,,,140.0,,,,,,,,,,,,,,,,,,,,,,,,,,,,,,141.0,88.125
32,Gli universi di Moras,1.0,,,,,,,,,,,,,,,,,,,,,,,,,,,,,,,,,,,48.0,,,,,,,,,,,,,,,,,,,,,,,,,,,,,,49.0,30.625
33,Gomorra (romanzo),1.0,,,,,,,,,,,,,10.0,,,43.0,4.0,17.0,4.0,,,25.0,,,,,,,,,,,,,257.0,,,,,,,,,4.0,,4.0,,,,5.0,,,,,,,,,,5.0,,,,,379.0,56.398809523809526
34,Hanno tutti ragione,1.0,,,,,,,,,,,,,,,,,,,,,,16.0,,,,,,,,,,,,,14.0,,,,,,,,,,,,,,,,,,,,,,,,,,,,,,31.0,14.466666666666665
35,Ho voglia di te,1.0,,,,,,,,,,,,,,,,,,,,,,0.0,,,,,,,,,,,,,8.0,,,,,,,,,,,,,,,,,,,,,,,,,,,,,,9.0,4.2
36,I casi del capitano Flores. Il mistero della sedia a rotelle,1.0,,,,,,,,,,,,,,,,,,,,,,,,,,,,,,,,,,,18.0,,,,,,,,,,,,,,,,,,,,,,,,,,,,,,19.0,11.875
37,I casi del capitano Flores. Killer presunto,1.0,,,,,,,,,,,,,,,,,,,,,,,,,,,,,,,,,,,17.0,,,,,,,,,,,,,,,,,,,,,,,,,,,,,,18.0,11.25
38,I dodici abati di Challant,1.0,,,,,,,1.0,,,,,,,,,5.0,,1.0,,,,,,,,,,,,,,,,,21.0,,,,,,,,,,,,,,,5.0,,,,,,,,,,,,,,,34.0,9.208333333333334
39,I leoni di Sicilia,1.0,,,,,,,,,,,,,,,,,,2.0,,,,,,,,,,,,,,,,,55.0,,,,,,,,,,,,,,,,,,,,,,,,,,,,,,58.0,27.066666666666663
40,I randagi,1.0,,,,,,,,,,,,,,,,,,,,,,,,,,,,,,,,,,,6.0,,,,,,,,,,,,,,,,,,,,,,,,,,,,,,7.0,4.375
41,I sommersi e i salvati,1.0,,,,,,,,,,,,,,,,41.0,,10.0,,,,,,,,,,,,,,,,,46.0,,,,,,,,,,,,,,,,,,,,,,,,,,,,,,98.0,36.75
42,Idi di marzo (Valerio Massimo Manfredi),1.0,,,,,,,,,,,,,,,,,,4.0,,,,,,,,,,,,,,,,,26.0,,,,,,,,,,,,,,,,,,,,,,,,,,,,,,31.0,14.466666666666665
43,Il baffo del dittatore,1.0,,,,,,,,,,,,,,,,,,,,,,,,,,,,,,,,,,,4.0,,,,,,,,,,,,,,,,,,,,,,,,,,,,,,5.0,3.125
44,Il campo del vasaio,1.0,,,,,,,,,,,,,,,,,,,,,,,,,,,,,,,,,,,129.0,,,,,,,,,,,,,,,,,,,,,,,,,,,,,,130.0,81.25
45,Il cane di terracotta,1.0,,,,,,,1.0,,,,,,,,,27.0,,,,,,,,,3.0,,,,,,,,,,134.0,,,,,,,,,,,,,,,,,,,,,,,,,1.0,,,,,167.0,45.229166666666664
46,Il castello di Eymerich,1.0,,,,,,,,,,,,,,,,9.0,,,,,,,,,,,,,,,,,,,14.0,,,,,,,,,,,,,,,,,,,,,,,,,,,,,,24.0,11.2
47,Il cavaliere e la morte,1.0,,,,,,,,,,,,,,,,7.0,,,,,,,,,,,,,,,,,,,9.0,,,,,,,,,,,,,,,,,,,,,,,,,,,,,,17.0,7.933333333333333
48,Il cavallo rosso,1.0,,,,,,,,,,,,,,,,15.0,,,,,,14.0,,,,,,,,,,,,,23.0,,,,,,,,,,,,,,,,,,,,,,,,,,,,,,53.0,19.875
49,Il cimitero di Praga,1.0,,,,,,,9.0,,,,,,31.0,,,58.0,,32.0,,,,,,,,,,,,7.0,,,,,62.0,,1.0,,,,,,,,,5.0,,,10.0,,,,,,,,,,,2.0,,,,,218.0,35.06293706293706
50,Il club dei viaggiatori immaginari,1.0,,,,1.0,,,,,,,,,2.0,,,17.0,,9.0,,,,8.0,,,,,,4.0,,,,,,,28.0,,,,,,,,,,,11.0,,,33.0,6.0,,,,,,,,,,,,4.0,,,124.0,18.452380952380953
51,Il confine del mondo,1.0,,,,,,,,,,,,,,,,3.0,,,,,,,,,,,,,,,,,,,28.0,,,,,,,,,,,,,,,,,,,,,,,2.0,,,,,,,34.0,12.75
52,Il destino di Adhara,1.0,,,,,,,,,,,,,,,,,,,,,,,,,,,,,,,,,,,3.0,,,,,,,,,,,,,,3.0,,,,,,,,,,,,,,,,7.0,3.2666666666666666
53,Il fabbricante di specchi,1.0,,,,,,,,,,,,,,,,25.0,,,,,,,,,,,,,,,,,,,22.0,,,,,,,,,,,,,,,,,,,,,,,,,,,,,,48.0,22.4
54,Il fantasma di Mozart,1.0,,,,,,,,,,,,,,,,,,,,,,,,,,,,,,,,,,,19.0,,,,,,,,,,,,,,,,,,,,,,,,,,,,,,20.0,12.5
55,Il figlio del sogno,1.0,,,,,,,,,,,,,,,,8.0,,,,,,,,,,,,,,,,,,,31.0,,,,,,,,,,,,,,,,,,,,,,,2.0,,,,,,,42.0,15.75
56,Il giro di boa,1.0,,,,,,,,,,,,,,,,25.0,,,,,,,,,,,,,,,,,,,130.0,,,,,,,,,,,,,,,,,,,,,,,,,,,,,,156.0,72.8
57,Il ladro di merendine,1.0,,,,,,,,,,,,,,,,26.0,,,,,,,,,3.0,,,,,,,,,,136.0,,,,,,,,,,,,,,,,,,,,,,,,,,,,,,166.0,62.25
58,Il mercante di libri maledetti,1.0,,,,,,,,,,,,,,,,,,,,,,,,,,,,,,,,,,,10.0,,,,,,,,,,,,,,,,,,,,,,,,,,,,,,11.0,6.875
59,Il nome della rosa,1.0,3.0,,,,,,50.0,,,,6.0,17.0,261.0,,,333.0,25.0,207.0,,12.0,30.0,186.0,,,15.0,,,,,14.0,,,,,285.0,,10.0,7.0,,,,,,,58.0,43.0,18.0,,,64.0,10.0,,,,4.0,,,,1.0,41.0,,,,,1701.0,128.52
60,Il paese dove non si muore mai,1.0,,,,,,,,,,,,,,,,,,,,,,,,,,,,,,,,,,,2.0,,,,,,,,,,,,,,,,,,,,,,,,,,,,,,3.0,1.875
61,Il pendolo di Foucault,1.0,,,,,,,,,,15.0,,,91.0,,,,,,,4.0,23.0,82.0,,,,,,17.0,,1.0,,,,,104.0,,,,,,,,,,,25.0,,,,,7.0,,,,8.0,,8.0,8.0,,8.0,,,,,402.0,48.870588235294115
62,Il poema dei lunatici,1.0,,,,,,,,,,,,,,,,,,,,,,,,,,,,,,,,,,,7.0,,,,,,,,,,,,,,,,,,,,,,,,,,,,,,8.0,5.0
63,Il quinto principio,1.0,,,,,,,,,,,,,,,,,,,,,,,,,,,,,,,,,,,6.0,,,,,,,,,,,,,,,,,,,,,,,,,,,,,,7.0,4.375
64,Il suggeritore,1.0,,,,,,,,,,,,,,,,,,,,,,,,,,,,,,,,,,,19.0,,,,,,,,,,,,,,,,,,,,,,,,,,,,,,20.0,12.5
65,Il talismano del potere,1.0,,,,,,,,,,,,,,,,,,,,,,14.0,,,,,,,,,,,,,22.0,,,,,,,,,,,,,,,,,,,,,,,,,,,,,,37.0,17.266666666666666
66,Il tempo che vorrei,1.0,,,,,,,,,,,,,,,,,,,,,,,,,,,,,,,,,,,10.0,,,,,,,,,,,,,,,,,,,,,,,,,,,,,,11.0,6.875
67,Il tiranno,1.0,,,,,,,,,,,,,,,,,,2.0,,,,,,,,,,,,,,,,,67.0,,,,,,,,,,,,,,,,,,,0.0,,,,,,,,,,,70.0,26.25
68,In ogni caso nessun rimorso,1.0,,,,,,,,,,,,,,,,,,,,,,,,,,,,,,,,,,,7.0,,,,,,,,,,,,,,,,,,,,,,,,,,,,,,8.0,5.0
69,Insciallah,1.0,,,,,,,,,,,,,4.0,,,13.0,,,,,,,,,,,,,,,,,,,13.0,,,,,,,,,,,,,,3.0,,,,,,,,,,,,,,,,34.0,10.685714285714285
70,Io e te,1.0,,,,,,,,,,,,,,,,,,,,,,,,,,,,,,,,,,,4.0,,,,,,,,,,,,,,,,,,,,,,,,,,,,,,5.0,3.125
71,Io non ho paura,1.0,,,,,,,,,,,,,,,,,,2.0,,,,,,,,,,,,,,,,,3.0,,,,,,,,,,,,,,,,,,,,,,,,,,,,,,6.0,2.8
72,Io uccido,1.0,,,,,,,,,,,,,,,,4.0,,,,,,,,,,,,,,,,,,,20.0,,,,,,,,,,,,,,,,,,,,,,,,,,,,,,25.0,11.666666666666668
73,La Delfina Bizantina,1.0,,,,,,,,,,,,,,,,,,1.0,,,,,,,,,,,,,,,,,3.0,,,,,,,,,,,,,,,,,,,,,,,,,,,,,,5.0,2.333333333333333
74,La bambina della Sesta Luna,1.0,,,,,,,,,,,,,,,,,,,,,,,,,,,,,,,,,,,25.0,,,,,,,,,,,,,,,,,,,,,,,,,,,,,,26.0,16.25
75,La casa delle voci,1.0,,,,,,,,,,,,,,,,,,,,,,,,,,,,,,,,,,,11.0,,,,,,,,,,,,,,,,,,,,,,,,,,,,,,12.0,7.5
76,La chimera (romanzo),1.0,,,,,,,,,,,,,,,,1.0,,,,,,,,,,,,,,,,,,,1.0,,,,,,,,,,,,,,,,,,,,,,,,,,,,,,3.0,1.4
77,La concessione del telefono,1.0,,,,,,,,,,,,,,,,,,,,,,,,,,,,,,,,,,,131.0,,,,,,,,,,,,,,,,,,,,,,,,,,,,,,132.0,82.5
78,La forza della ragione,1.0,,,,,,,,,,,,,,,,21.0,,,,,,,,,,,,,,,,,,,15.0,,,,,,,,,,,,,,,,,,,,,,,,2.0,,,,,,39.0,14.625
79,La gita a Tindari,1.0,,,,,,,,,,,,,,,,28.0,,,,,,,,,,,,,,,,,,,131.0,,,,,,,,,,,,,,,,,,,,,,,,,,,,,,160.0,74.66666666666666
80,La grande sera,1.0,,,,,,,,,,,,,,,,,,,,,,3.0,,,,,,,,,,,,,6.0,,,,,,,,,,,,,,,,,,,,,,,,,,,,,,10.0,4.666666666666666
81,La luna di carta,1.0,,,,,,,,,,,,,,,,26.0,,,,,,,,,,,,,,,,,,,129.0,,,,,,,,,,,,,,,,,,,,,,,,,,,,,,156.0,72.8
82,La lunga notte di Exilles. Una sacra rappresentazione,1.0,,,,,,,,,,,,,,,,,,,,,,,,,,,,,,,,,,,20.0,,,,,,,,,,,,,,,,,,,,,,,,,,,,,,21.0,13.125
83,La masseria delle allodole,1.0,,,,,,,,,,,,,,,,,,,,,,,,,,,,,,,,,,,35.0,,,,,,,,,,,,,,,,,,,,,,,,,,,,,,36.0,22.5
84,La missione di Sennar,1.0,,,,,,,,,,,,,,,,,,,,,,14.0,,,,,,,,,,,,,26.0,,,,,,,,,,,,,,,,,,,,,,,,,,,,,,41.0,19.133333333333333
85,La misteriosa fiamma della regina Loana,1.0,,,,,,,7.0,,,,,,,,,54.0,,9.0,,,4.0,,,,,4.0,,,,,,,,,41.0,,1.0,,,,,,,,,3.0,,,,9.0,,,,,,,,,,,,,,,133.0,23.275000000000002
86,La pazienza del ragno,1.0,,,,,,,,,,,,,,,,24.0,,,,,,,,,,,,,,,,,,,130.0,,,,,,,,,,,,,,,,,,,,,,,,,,,,,,155.0,72.33333333333333
87,La pensione Eva,1.0,,,,,,,,,,,,,5.0,,,,,,,,,,,,,,,,,,,,,,125.0,,,,,,,,,,,,,,,,,,,,,,,,,,,,,,131.0,61.133333333333326
88,La pista di sabbia,1.0,,,,,,,,,,,,,,,,29.0,,,,,,,,,4.0,,,,,,,,,,131.0,,,,,,,,,,,,,,,,,,,,,,,,,,,,,,165.0,61.875
89,La ricerca delle radici,1.0,,,,,,,,,,,,,,,,26.0,,,,,,,,,,,,,,,,,,,25.0,,,,,,,,,,,,,,,,,,,,,,,,,,,,,,52.0,24.266666666666666
90,La solitudine dei numeri primi,1.0,,,,,,,4.0,,,,,,12.0,,,14.0,,,,,,14.0,,,,,,,,,,,,,38.0,,,,,,,,,,,,,,,,,,,,,,,,,4.0,,,,,87.0,20.71428571428571
91,La sostanza del male,1.0,,,,,,,,,,,,,,,,,,5.0,,,,,,,,,,,,,,,,,2.0,,,,,,,,,,,,,,,,,,,,,,,,,,,,,,8.0,3.7333333333333334
92,La strada verso casa,1.0,,,,,,,,,,,,,,,,,,,,,,,,,,,,,,,,,,,3.0,,,,,,,,,,,,,,,,,,,,,,,,,,,,,,4.0,2.5
93,La testa perduta di Damasceno Monteiro,1.0,,,,,,,,,,,,,,,,7.0,,,,,,,,,1.0,,,,,,,,,,6.0,,,,,,,,,,,,,,,,,,,,,,,,,,,,,,15.0,5.625
94,La torre della solitudine,1.0,,,,,,,,,,,,,,,,,,,,,,,,,,,,,,,,,,,35.0,,,,,,,,,,,,,,,,,,,,,,,,,,,,,,36.0,22.5
95,La vita bugiarda degli adulti,1.0,,,,,,,,,,,,,,,,11.0,,,,,,,,,,,,,,,,,,,3.0,,,,,,,,,,,,,,,,,,,,,,,,,,,,,,15.0,7.0
96,La vita Ã¨ bella (Ronanzo),1.0,,,,,,,,,,,,,,,,,,,,,,,,,,,,,,,,,,,35.0,,,,,,,,,,,,,,,,,,,,,,,,,,,,,,36.0,22.5
97,La voce del violino,1.0,,,,,,,,,,,,,,,,26.0,,,,,,,,,2.0,,,,,,,,,,134.0,,,,,,,,,,,,,,,,,,,,,,,,,,,,,,163.0,61.125
98,Le ali della sfinge,1.0,,,,,,,,,,,,,,,,24.0,,,,,,,,,,,,,,,,,,,130.0,,,,,,,,,,,,,,,,,,,,,,,,,,,,,,155.0,72.33333333333333
99,Le assaggiatrici,1.0,,,,,,,,,,,,,,,,,,,,,,,,,,,,,,,,,,,8.0,,,,,,,,,,,,,,,,,,,,,,,,,,,,,,9.0,5.625
100,Le otto montagne,1.0,,,,,,,,,,,,,,,,,,,,,,12.0,,,,,,,,,,,,,12.0,,,,,,,,,,,,,,,,,,,,,,,,,,,,,,25.0,11.666666666666668
101,Le perfezioni provvisorie,1.0,,,,,,,,,,,,,,,,,,,,,,,,,,,,,,,,,,,27.0,,,,,,,,,,,,,,,,,,,,,,,,,,,,,,28.0,17.5
102,Le prime luci del mattino,1.0,,,,,,,,,,,,,,,,,,,,,,,,,,,,,,,,,,,4.0,,,,,,,,,,,,,,,,,,,,,,,,,,,,,,5.0,3.125
103,Le radici del cielo,1.0,,,,,,,,,,,,,72.0,,,274.0,,,,25.0,,98.0,,,,,5.0,,,,,,,,65.0,,,,,,,,,,,47.0,,,,,,,,,,1.0,,,,,,,,,588.0,112.84848484848484
104,Le sabbie di Amon,1.0,,,,,,,,,,,,,,,,9.0,,,,,,,,,,,,,,,,,,,29.0,,,,,,,,,,,,,,,,,,,,,,,2.0,,,,,,,41.0,15.375
105,Le stagioni di Giacomo,1.0,,,,,,,,,,,,,,,,,,,,,,9.0,,,,,,,,,,,,,20.0,,,,,,,,,,,,,,,,,,,,,,,,,,,,,,30.0,14.0
106,Lo spazio bianco,1.0,,,,,,,,,,,,,4.0,,,,,,,,,,,,,,,,,,,,,,14.0,,,,,,,,,,,,,,,,,,,,,,,,,,,,,,19.0,8.866666666666667
107,Lo stadio di Wimbledon,1.0,,,,,,,,,,,,,,,,,,,,,,29.0,,,,,,,,,,,,,5.0,,,,,,,,,,,,,,,,,,,,,,,,,,,,,,35.0,16.333333333333336
108,Lungo i vicoli del tempo,1.0,,,,,,,,,,,,,,,,,,,,,,,,,,,,,,,,,,,49.0,,,,,,,,,,,,,,,,,,,,,,,,,,,,,,50.0,31.25
109,Mal di pietre,1.0,,,,,,,,,,,,,,,,7.0,,,,,,,,,,,,,,,,,,,10.0,,,,,,,,,,,,,,,,,,,,,,,,,,,,,,18.0,8.4
110,Manituana,1.0,,,,,,,,,,,,,,,,18.0,,,,,,,,,,,,,,,,,,,41.0,,,,,,,,,,,,,,,,,,,,,,,,,,,,,,60.0,28.0
111,Manuale della perfetta Gentildonna,1.0,,,,,,,,,,,,,,,,,,1.0,,,,,,,,,,,,,,,,,1.0,,,,,,,,,,,,,,,,,,,,,,,,,,,,,,3.0,1.4
112,Margherita Dolcevita,1.0,,,,,,,,,,,,,,,,,,,,,,,,,2.0,,,,,,,,,,30.0,,,,,,,,,,,,,,,,,,,,,,,,,,,,,,33.0,15.4
113,Mr Gwyn,1.0,,,,,,,,,,,,,,,,,,,,,,8.0,,,,,,,,,,,,,9.0,,,,,,,,,,,,,,,,,,,,,,,,,,,,,,18.0,8.4
114,Nel mare ci sono i coccodrilli,1.0,,,,,,,,,,,,,,,,10.0,,,,,,,,,,,,,,,,,,,14.0,,,,,,,,,,,,,,,,,,,,,,,,,,,,,,25.0,11.666666666666668
115,Nelle nebbie del tempo,1.0,,,,,,,,,,,,,,,,,,,,,,,,,,,,,,,,,,,49.0,,,,,,,,,,,,,,,,,,,,,,,,,,,,,,50.0,31.25
116,New Thing,1.0,,,,,,,,,,,,,,,,,,,,,,3.0,,,,,,,,,,,,,27.0,,,,,,,,,,,,,,,,,,,,,,,,,,,,,,31.0,14.466666666666665
117,"Nicolas Eymerich, inquisitore",1.0,,,,,,,,,,,,,,,,,,,,,,15.0,,,,,,,,,,,,,60.0,,,,,,,,,,,,,,,,,,,,,,,,,,,,,,76.0,35.46666666666666
118,Nihal della terra del vento,1.0,,,,,,,,,,,,,,,,,,2.0,,,,14.0,,,,,,,,,,,,,30.0,,,,,,,,,,,,,,,3.0,,,,,,,,,,,,,,,50.0,15.714285714285714
119,Nina e la maledizione del Serpente Piumato,1.0,,,,,,,,,,,,,,,,,,,,,,,,,,,,,,,,,,,7.0,,,,,,,,,,,,,,,,,,,,,,,,,,,,,,8.0,5.0
120,Non tutti i bastardi sono di Vienna,1.0,,,,,,,,,,,,,,,,,,1.0,,,,,,,,,,,,,,,,,7.0,,,,,,,,,,,,,,,,,,,,,,,,,,,,,,9.0,4.2
121,Notturno indiano,1.0,,,,,0.0,,,,,,,,,,,15.0,,,,,,20.0,,1.0,,,,,,,,,,,13.0,,,,,,,,,,,1.0,,,,,,,,,,,,,,,,,,,51.0,12.142857142857144
122,Numero zero,1.0,,,,,,,,,,,,,,,,,,,,,,,,,,,,,,,,,,,24.0,,,,,,,,,,,,,,,,,,,,,,,,,,,,,,25.0,15.625
123,Nuova grammatica finlandese,1.0,,,,,,,,,,,,,,,,13.0,,,,,,,,,,,,,,,,,,,3.0,,,,,,,,,,,2.0,,,,,,,,,,,,,,,,,,,19.0,7.125
124,Oceano mare,1.0,,,,,,,,,,,,,,,,14.0,,,,,,,,,,,,,,,,,,,33.0,,,,,,,,,,,,,,,,,,,,,,,,,,,,,,48.0,22.4
125,"Omero, Iliade",1.0,,,,,,,,,,,,,,,,,,,,,,,,,,,,,,,,,,,36.0,,,,,,,,,,,,,,,,,,,,,,,,,,,,,,37.0,23.125
126,Palomar (romanzo),1.0,,,,,,,,,,,,,,,,32.0,,,,,,,,,,,,,,,,,,,53.0,,,,,,,,,,,,,,,,,,,,,,,,,,,,,,86.0,40.13333333333333
127,Pandora (Licia Troisi),1.0,,,,,,,,,,,,,,,,,,1.0,,,,,,,,,,,,,,,,,4.0,,,,,,,,,,,,,,,,,,,,,,,,,,,,,,6.0,2.8
128,Passavamo sulla terra leggeri,1.0,,,,,,,,,,,,,,,,,,,,,,,,,,,,,,,,,,,4.0,,,,,,,,,,,,,,,,,,1.0,,,,,,,,,,,,6.0,2.8
129,Passo d'addio,1.0,71.0,68.0,85.0,,135.0,84.0,714.0,4.0,,687.0,42.0,584.0,2548.0,21.0,,12781.0,376.0,1716.0,177.0,168.0,626.0,2665.0,89.0,,200.0,276.0,,398.0,5.0,163.0,6.0,0.0,22.0,,907.0,2.0,52.0,,2.0,,248.0,84.0,57.0,,403.0,814.0,102.0,0.0,797.0,,166.0,,,,241.0,371.0,170.0,257.0,26.0,667.0,43.0,274.0,16.0,1.0,30412.0,1137.2008547008547
130,Per questo mi chiamo Giovanni,1.0,,,,,,,,,,,,,,,,,,,,,,5.0,,,,,,,,,,,,,17.0,,,,,,,,,,,,,,,,,,,,,,,,,,,,,,23.0,10.733333333333333
131,Q (romanzo),1.0,,,,,,,,,,,,,15.0,,,29.0,,9.0,,4.0,,,,,,,,,,,,,,,51.0,,,,,0.0,,,,,,,,,,,,,,,,,,,,,,,,,109.0,25.952380952380953
132,Ragionevoli dubbi,1.0,,,,,,,,,,,,,,,,,,,,,,,,,,,,,,,,,,,35.0,,,,,,,,,,,,,,,,,,,,,,,,,,,,,,36.0,22.5
133,Resto qui,1.0,,,,,,,,,,,,,,,,,,,,,,4.0,,,,,,,,,,,,,60.0,,,,,,,,,,,,,,,,,,,,,,,,,,,,,,65.0,30.333333333333332
134,Rinascimento privato,1.0,,,,,,,,,,,,,,,,6.0,,,,,,,,,,,,,,,,,,,21.0,,,,,,,,,,,,,,,,,,,,,,,,,,,,,,28.0,13.066666666666666
135,Romanzo criminale,1.0,,,,,,,,,,,,,1.0,,,,,,,,,4.0,,,,,,,,,,,,,12.0,,,,,,,,,,,,,,,,,,,,,,,,,,,,,,18.0,6.75
136,Sangue giusto,1.0,,,,,,,,,,,,,,,,,,,,,,14.0,,,,,,,,,,,,,3.0,,,,,,,,,,,,,,,,,,,,,,,,,,,,,,18.0,8.4
137,Scusa ma ti chiamo amore,1.0,,,,,,,,,,,,,,,,,,,,,,,,,,,,,,,,,,,5.0,,,,,,,,,,,,,,,,,,,,,,,,,,,,,,6.0,3.75
138,Scusa ma ti voglio sposare,1.0,,,,,,,,,,,,,,,,,,,,,,,,,,,,,,,,,,,7.0,,,,,,,,,,,,,,,,,,,,,,,,,,,,,,8.0,5.0
139,Seta (romanzo),1.0,,,,,,,,,,,,,14.0,,,15.0,,6.0,,,,25.0,,,5.0,,,6.0,,,,,,,30.0,,,,,,,,,,,,,,,,,,,,,,,,,,,,,,102.0,21.675
140,Severina,1.0,,,,,,,6.0,,,,,,,,,7.0,,,,,,,,,,,,,,2.0,,,,,13.0,,,,,,,,,,,,,,,,,,,,,,,,,,,,,,29.0,9.114285714285714
141,Sodomie in corpo 11,1.0,,,,,,,,,,,,,,,,,,,,,,2.0,,,,,,,,,,,,,4.0,,,,,,,,,,,,,,,,,,,,,,,,,,,,,,7.0,3.2666666666666666
142,Sogni di sogni,1.0,,,,,,,,,,,,,,,,,,,,,,,,,,,,,,,,,,,1.0,,,,,,,,,,,,,,,,,,,,,,,,,,,,,,2.0,1.25
143,Sostiene Pereira,1.0,,,,,,,,,,,,,,,,16.0,,18.0,,,,,,,,,,,,,,,,,36.0,,2.0,,,,,,,,,1.0,,,,,,,,,,,,,,,,,,,74.0,20.041666666666668
144,Stabat Mater,1.0,,,,,,,109.0,,0.0,72.0,4.0,22.0,167.0,,1.0,385.0,8.0,116.0,8.0,,25.0,408.0,,,19.0,,,36.0,,19.0,,,,2.0,202.0,,4.0,,,,,,,,16.0,85.0,6.0,,157.0,40.0,,22.0,,,,0.0,,6.0,,28.0,,7.0,,,1975.0,125.49479166666667
145,Stella cadente (romanzo),1.0,,,,,,,,,,,,,,,,,,,,,,,,,,,,,,,,,,,53.0,,,,,,,,,,,,,,,,,,,,,,,,,,,,,,54.0,33.75
146,Stella del mattino,1.0,,,,,,,,,,,,,,,,,,,,,,,,,,,,,,,,,,,12.0,,,,,,,,,,,,,,,,,,,,,,,,,,,,,,13.0,8.125
147,Storia del nuovo cognome,1.0,,,,,,,,,,,,,11.0,,,,,,,,,5.0,,,,,,,,,,,,,12.0,,,,,,,,,,,,,,,,,,,,,,,,,,,,,,29.0,10.875
148,Storia della bambina perduta,1.0,,,,,,,,,,,,,10.0,,,,,,,,,,,,,,,,,,,,,,9.0,,,,,,,,,,,,,,,,,,,,,,,,,,,,,,20.0,9.333333333333332
149,Storia di chi fugge e di chi resta,1.0,,,,,,,,,,,,,10.0,,,,,,,,,7.0,,,,,,,,,,,,,9.0,,,,,,,,,,,,,,,,,,,,,,,,,,,,,,27.0,10.125
150,Suicidi dovuti,1.0,,,,,,,,,,,,,,,,,,1.0,,,,,,,,,,,,,,,,,1.0,,,,,,,,,,,,,,,,,,,,,,,,,,,,,,3.0,1.4
151,Terra!,1.0,,,,,,,,,,,,,,,,,,,,,,,,,,,,,,,,,,,35.0,,,,,,,,,,,,,,,,,,,,,,,,,,,,,,36.0,22.5
152,Ti prego lasciati odiare,1.0,,,,,,,,,,,,,,,,,,,,,,,,,,,,,,,,,,,6.0,,,,,,,,,,,,,,,,,,,,,,,,,,,,,,7.0,4.375
153,Tre metri sopra il cielo,1.0,,,,,,,,,,,,,,,,,,21.0,,,,,,,,,,,,,,,,,11.0,,,,,,,,,,,,,,,,,,,,,,,,,,,,,,33.0,15.4
154,"Tu, mio",1.0,,,,,,,,,,,,,,,,,,,,1.0,,,,,,,,,,,,,,,4.0,,,,,,,,,,,,,,,,,,,,,,,,,,,,,,6.0,2.8
155,Un destino ridicolo,1.0,,,,,,,,,,,,,,,,15.0,,,,,,,,,,,,,,,,,,,106.0,,,,,,,,,,,,,,,,,,,,,,,,,,,,,,122.0,56.93333333333332
156,Un infinito numero,1.0,,,,,,,,,,,,,5.0,,,4.0,,,,,,,,,,,,,,,,,,,5.0,,,,,,,,,,,,,,,,,,,,,,,,,,,,,,15.0,5.625
157,Un nulla pieno di storie,1.0,,,,,,,,,,,,,,,,1.0,,,,,,,,,,,,,,,,,,,1.0,,,,,,,,,,,,,,,,,,,,,,,,,,,,,,3.0,1.4
158,"Un sabato, con gli amici",1.0,,,,,,,,,,,,,,,,,,,,,,,,,1.0,,,,,,,,,,122.0,,,,,,,,,,,,,,,,,,,,,,,,,,,,,,124.0,57.86666666666666
159,Una storia semplice,1.0,,,,,,,,,,,,,,,,2.0,,,,,,,,,,,,,,,,,,,7.0,,,,,,,,,,,,,,,,,,,,,,,,,,,,,,10.0,4.666666666666666
160,Venuto al mondo,1.0,,,,,,,,,,,,,,,,,,,,,,,,,,,,,,,,,,,20.0,,,,,,,,,,,,,,,,,,,,,,,,,,,,,,21.0,13.125
161,Vita standard di un venditore provvisorio di collant,1.0,,,,,,,,,,,,,,,,,,,,,,,,,,,,,,,,,,,5.0,,,,,,,,,,,,,,,,,,,,,,,,,,,,,,6.0,3.75
162,Volevo i pantaloni,1.0,,,,,,,,,,,,,,,,,,,,,,13.0,,,2.0,,,,,,,,,,11.0,,,,,,,,,,,,,,,,,,,,,,,,,,,,,,27.0,10.125
